{"cameraMode":{"drawMode":0,"name":"Shaded","section":"Shading Mode"},"sceneLighting":true,"audioPlay":false,"sceneViewState":{"showFog":true,"showMaterialUpdate":true,"showSkybox":true,"showFlares":true,"showImageEffects":true,"showParticleSystems":true},"in2DMode":false,"pivot":{"x":56.19643783569336,"y":1.6468274593353272,"z":-23.955581665039064},"rotation":{"x":0.1599614918231964,"y":-0.07876288145780564,"z":0.014294566586613655,"w":0.9838802218437195},"size":3.90261173248291,"orthographic":false}