{"cameraMode":{"drawMode":0,"name":"Shaded","section":"Shading Mode"},"sceneLighting":false,"audioPlay":false,"sceneViewState":{"showFog":true,"showMaterialUpdate":true,"showSkybox":false,"showFlares":true,"showImageEffects":true,"showParticleSystems":true},"in2DMode":false,"pivot":{"x":0.8111869096755981,"y":0.5229637622833252,"z":-0.04658865928649902},"rotation":{"x":-0.0040046172216534618,"y":0.9853423833847046,"z":-0.1689475029706955,"w":-0.02335611917078495},"size":1.7660253047943116,"orthographic":false}