{"cameraMode":{"drawMode":0,"name":"Shaded","section":"Shading Mode"},"sceneLighting":true,"audioPlay":false,"sceneViewState":{"showFog":true,"showMaterialUpdate":true,"showSkybox":true,"showFlares":true,"showImageEffects":true,"showParticleSystems":true},"in2DMode":false,"pivot":{"x":-8.14622688293457,"y":2.619290828704834,"z":-1.36387300491333},"rotation":{"x":0.06347610801458359,"y":0.9356361627578735,"z":-0.22487105429172517,"w":0.26503440737724306},"size":3.9374959468841554,"orthographic":false}