{"cameraMode":{"drawMode":0,"name":"Shaded","section":"Shading Mode"},"sceneLighting":true,"audioPlay":false,"sceneViewState":{"showFog":true,"showMaterialUpdate":true,"showSkybox":true,"showFlares":true,"showImageEffects":true,"showParticleSystems":true},"in2DMode":false,"pivot":{"x":58.284603118896487,"y":-7.875995635986328,"z":0.143585205078125},"rotation":{"x":-0.16476322710514069,"y":-0.2525825500488281,"z":0.043824635446071628,"w":-0.9525653123855591},"size":14.833979606628418,"orthographic":false}