{"cameraMode":{"drawMode":0,"name":"Shaded","section":"Shading Mode"},"sceneLighting":true,"audioPlay":false,"sceneViewState":{"showFog":true,"showMaterialUpdate":true,"showSkybox":true,"showFlares":true,"showImageEffects":true,"showParticleSystems":true},"in2DMode":false,"pivot":{"x":0.47608035802841189,"y":1.0173641443252564,"z":-0.1767725944519043},"rotation":{"x":-0.0040046172216534618,"y":0.9853423833847046,"z":-0.1689475029706955,"w":-0.02335611917078495},"size":2.666025161743164,"orthographic":false}