{"cameraMode":{"drawMode":0,"name":"Shaded","section":"Shading Mode"},"sceneLighting":true,"audioPlay":false,"sceneViewState":{"showFog":true,"showMaterialUpdate":true,"showSkybox":true,"showFlares":true,"showImageEffects":true,"showParticleSystems":true},"in2DMode":false,"pivot":{"x":-3.5542593002319338,"y":4.076584339141846,"z":0.5923042297363281},"rotation":{"x":0.06347610801458359,"y":0.9356361627578735,"z":-0.22487105429172517,"w":0.26503440737724306},"size":5.137496471405029,"orthographic":false}